{"planes":[{
    "height": 0.0, 
    "name": "something", 
    "position": {
        "x": 439.0245709738003, 
        "y": -110.49148420789737, 
        "z": 99.78982965823582
    }, 
    "rotation": {
        "x": 0.0, 
        "y": 1.5707963267948966, 
        "z": 0.0
    }, 
    "width": 179.15347378509966
},
{
    "height": 0.0, 
    "name": "0", 
    "position": {
        "x": -235.45066400953684, 
        "y": 345.153504791727, 
        "z": -274.55264984374685
    }, 
    "rotation": {
        "x": 0.0, 
        "y": 1.5707963267948966, 
        "z": 0.0
    }, 
    "width": 531.6182952713348
},
{
    "height": 0.0, 
    "name": "div", 
    "position": {
        "x": 0.0, 
        "y": -7.651204414946946e-18, 
        "z": 0.12495365064071962
    }, 
    "rotation": {
        "x": 0.0, 
        "y": 1.5707963267948966, 
        "z": 0.0
    }, 
    "width": 531.6182952713348
}]}